id,building_type,zone,offset_x,offset_y,spread,owner_type,owner_id,is_home,inventory,scenario
str,str,str,int,int,int,str,str,int,str,str
建筑ID,建筑类型,位置区域,X偏移,Y偏移,随机散布,所有者类型,所有者ID,是住所,初始库存,场景
B_GOV_MAIN,GOV_OFFICE,CITY_GRID:4,0,0,0,ORG,kaifeng_fu;shenhou_fu;gao_manor,0,,SANDBOX
B_MARKET_MAIN,MARKET,CITY_GRID:3,0,0,0,ORG,tianshui_alley,0,谷物:10;棉袄:5;铜钱:100,SANDBOX
B_MARKET_SE,MARKET,CITY:SE,0,0,0,,,0,谷物:5;铜钱:50,SANDBOX
B_MARKET_N,MARKET,CITY:N,80,0,0,,,0,铜钱:30,SANDBOX
B_CLINIC,CLINIC,CITY_GRID:5,0,0,0,,,0,,SANDBOX
B_WORKSHOP,WORKSHOP,CITY_GRID:8,0,0,0,,,0,,SANDBOX
B_SCHOOL,SCHOOL,CITY_GRID:0,0,0,0,ORG,taixue,0,,SANDBOX
B_TEMPLE,TEMPLE,CITY_GRID:2,0,0,0,ORG,daxiangguo,0,,SANDBOX
B_TEAHOUSE,TEAHOUSE,CITY:N,-100,0,0,,,0,,SANDBOX
B_TAVERN,TAVERN,CITY:S,100,0,0,,,0,,SANDBOX
B_HOME_1000,GATEHOUSE,CITY,0,0,20,NPC,1000,1,,SANDBOX
B_HOME_1001,GATEHOUSE,CITY,0,0,20,NPC,1001,1,,SANDBOX
B_HOME_1002,BARRACKS,CITY,0,0,20,NPC,1002,1,,SANDBOX
B_HOME_1003,HOUSE,CITY,0,0,20,NPC,1003,1,,SANDBOX
B_HOME_1004,HOUSE,CITY,0,0,20,NPC,1004,1,,SANDBOX
B_HOME_1005,INN,CITY,0,0,20,NPC,1005,1,,SANDBOX
B_HOME_1006,HOUSE,CITY,0,0,20,NPC,1006,1,,SANDBOX
B_HOME_1007,INN,CITY,0,0,20,NPC,1007,1,,SANDBOX
B_HOME_1008,HOUSE,CITY,0,0,20,NPC,1008,1,,SANDBOX
B_HOME_1009,HOUSE,CITY,0,0,20,NPC,1009,1,,SANDBOX
B_HOME_1010,HOUSE,CITY,0,0,20,NPC,1010,1,,SANDBOX
B_HOME_1011,LIBRARY,CITY,0,0,20,NPC,1011,1,,SANDBOX
B_HOME_1012,LIBRARY,CITY,0,0,20,NPC,1012,1,,SANDBOX
B_HOME_1013,TEMPLE,CITY,0,0,20,NPC,1013,1,,SANDBOX
B_HOME_1014,TEMPLE,CITY,0,0,20,NPC,1014,1,,SANDBOX
B_HOME_1015,TEMPLE,CITY,0,0,20,NPC,1015,1,,SANDBOX
B_HOME_1016,HOUSE,SLUM,0,0,20,NPC,1016,1,,SANDBOX
B_HOME_1017,HUNTING,WILD,0,0,20,NPC,1017,1,,SANDBOX
B_HOME_1018,HOUSE,CITY,0,0,20,NPC,1018,1,,SANDBOX
B_HOME_1019,BARRACKS,CITY,0,0,20,NPC,1019,1,,SANDBOX
B_HOME_1020,HOUSE,CITY,0,0,20,NPC,1020,1,,SANDBOX
B_HOME_1021,HOUSE,CITY,0,0,20,NPC,1021,1,,SANDBOX
B_HOME_1022,HOUSE,CITY,0,0,20,NPC,1022,1,,SANDBOX
B_HOME_1023,BANDIT_LAIR,WILD,0,0,20,NPC,1023,1,,SANDBOX
B_HOME_1024,BANDIT_LAIR,WILD,0,0,20,NPC,1024,1,,SANDBOX
B_HOME_1025,BANDIT_LAIR,WILD,0,0,20,NPC,1025,1,,SANDBOX
B_HOME_1026,BANDIT_LAIR,WILD,0,0,20,NPC,1026,1,,SANDBOX
B_HOME_1027,BANDIT_LAIR,WILD,0,0,20,NPC,1027,1,,SANDBOX
B_HOME_1028,BANDIT_LAIR,WILD,0,0,20,NPC,1028,1,,SANDBOX
B_HOME_1029,BANDIT_LAIR,WILD,0,0,20,NPC,1029,1,,SANDBOX
B_HOME_1030,BANDIT_LAIR,WILD,0,0,20,NPC,1030,1,,SANDBOX
B_HOME_1031,BANDIT_LAIR,WILD,0,0,20,NPC,1031,1,,SANDBOX
B_HOME_1032,BANDIT_LAIR,WILD,0,0,20,NPC,1032,1,,SANDBOX
B_SHIZIZHIPO,INN,CITY,0,0,0,ORG,shizizhipo,0,,SANDBOX
B_FARM_W1,FARM,FARM:W,0,-150,0,,,0,,SANDBOX
B_FARM_W2,FARM,FARM:W,0,150,0,,,0,,SANDBOX
B_FARM_N1,FARM,FARM:N,-200,0,0,,,0,,SANDBOX
B_FARM_N2,FARM,FARM:N,200,0,0,,,0,,SANDBOX
B_FARM_S1,FARM,FARM:S,-200,0,0,,,0,,SANDBOX
B_FARM_S2,FARM,FARM:S,200,0,0,,,0,,SANDBOX
B_FARM_NW,FARM,FARM:NW,-150,-50,0,,,0,,SANDBOX
B_FARM_SW,FARM,FARM:SW,-150,50,0,,,0,,SANDBOX
B_EAST_FISH_1,FISHPOND,GATE:EAST,350,-350,80,,,0,,SANDBOX
B_EAST_FISH_2,FISHPOND,GATE:EAST,450,200,80,,,0,,SANDBOX
B_EAST_FISH_3,FISHPOND,GATE:EAST,500,-80,80,,,0,,SANDBOX
B_EAST_BUSH_1,BUSH,GATE:EAST,250,-400,100,,,0,,SANDBOX
B_EAST_BUSH_2,BUSH,GATE:EAST,550,-200,100,,,0,,SANDBOX
B_EAST_BUSH_3,BUSH,GATE:EAST,500,350,100,,,0,,SANDBOX
B_EAST_BUSH_4,BUSH,GATE:EAST,300,450,100,,,0,,SANDBOX
B_EAST_TREE_1,TREE,GATE:EAST,600,-100,70,,,0,,SANDBOX
B_EAST_TREE_2,TREE,GATE:EAST,550,150,70,,,0,,SANDBOX
B_EAST_TREE_3,TREE,GATE:EAST,400,-280,70,,,0,,SANDBOX
B_WEST_TREE_1,TREE,GATE:WEST,-150,-300,80,,,0,,SANDBOX
B_WEST_TREE_2,TREE,GATE:WEST,-200,-100,80,,,0,,SANDBOX
B_WEST_TREE_3,TREE,GATE:WEST,-180,100,80,,,0,,SANDBOX
B_WEST_TREE_4,TREE,GATE:WEST,-220,280,80,,,0,,SANDBOX
B_WEST_TREE_5,TREE,GATE:WEST,-300,-200,80,,,0,,SANDBOX
B_WEST_TREE_6,TREE,GATE:WEST,-350,50,80,,,0,,SANDBOX
B_WEST_BUSH_1,BUSH,GATE:WEST,-120,350,60,,,0,,SANDBOX
B_WEST_BUSH_2,BUSH,GATE:WEST,-250,-350,60,,,0,,SANDBOX
B_WEST_BUSH_3,BUSH,GATE:WEST,-400,150,60,,,0,,SANDBOX
B_NORTH_BUSH_1,BUSH,GATE:NORTH,-400,-150,70,,,0,,SANDBOX
B_NORTH_BUSH_2,BUSH,GATE:NORTH,-200,-200,70,,,0,,SANDBOX
B_NORTH_BUSH_3,BUSH,GATE:NORTH,100,-180,70,,,0,,SANDBOX
B_NORTH_BUSH_4,BUSH,GATE:NORTH,300,-220,70,,,0,,SANDBOX
B_NORTH_BUSH_5,BUSH,GATE:NORTH,450,-150,70,,,0,,SANDBOX
B_NORTH_TREE_1,TREE,GATE:NORTH,-350,-280,60,,,0,,SANDBOX
B_NORTH_TREE_2,TREE,GATE:NORTH,380,-300,60,,,0,,SANDBOX
B_NORTH_FISH_1,FISHPOND,GATE:NORTH,-100,-350,50,,,0,,SANDBOX
B_NORTH_FISH_2,FISHPOND,GATE:NORTH,200,-380,50,,,0,,SANDBOX
B_SOUTH_TREE_1,TREE,GATE:SOUTH,-350,150,70,,,0,,SANDBOX
B_SOUTH_TREE_2,TREE,GATE:SOUTH,-150,220,70,,,0,,SANDBOX
B_SOUTH_TREE_3,TREE,GATE:SOUTH,200,180,70,,,0,,SANDBOX
B_SOUTH_TREE_4,TREE,GATE:SOUTH,400,200,70,,,0,,SANDBOX
B_SOUTH_BUSH_1,BUSH,GATE:SOUTH,-250,300,60,,,0,,SANDBOX
B_SOUTH_BUSH_2,BUSH,GATE:SOUTH,50,350,60,,,0,,SANDBOX
B_SOUTH_BUSH_3,BUSH,GATE:SOUTH,350,320,60,,,0,,SANDBOX
B_SOUTH_MINE_1,MINE,GATE:SOUTH,450,280,50,,,0,,SANDBOX
B_SOUTH_MINE_2,MINE,GATE:SOUTH,-400,350,50,,,0,,SANDBOX
B_NW_MINE_1,MINE,NW,0,0,80,,,0,,SANDBOX
B_NW_MINE_2,MINE,NW,-150,100,80,,,0,,SANDBOX
B_NW_MINE_3,MINE,NW,100,150,80,,,0,,SANDBOX
B_NW_MINE_4,MINE,NW,-100,250,80,,,0,,SANDBOX
B_SW_TREE_1,TREE,SW,0,0,70,,,0,,SANDBOX
B_SW_TREE_2,TREE,SW,-120,80,70,,,0,,SANDBOX
B_SW_TREE_3,TREE,SW,80,150,70,,,0,,SANDBOX
B_SW_TREE_4,TREE,SW,-180,200,70,,,0,,SANDBOX
B_SW_TREE_5,TREE,SW,50,280,70,,,0,,SANDBOX
B_NE_FISH_1,FISHPOND,NE,0,0,60,,,0,,SANDBOX
B_NE_FISH_2,FISHPOND,NE,150,100,60,,,0,,SANDBOX
B_NE_FISH_3,FISHPOND,NE,80,200,60,,,0,,SANDBOX
B_NE_BUSH_1,BUSH,NE,200,-50,50,,,0,,SANDBOX
B_NE_BUSH_2,BUSH,NE,280,150,50,,,0,,SANDBOX
B_NE_BUSH_3,BUSH,NE,-80,250,50,,,0,,SANDBOX
B_SE_BUSH_1,BUSH,SE,0,0,60,,,0,,SANDBOX
B_SE_BUSH_2,BUSH,SE,130,80,60,,,0,,SANDBOX
B_SE_BUSH_3,BUSH,SE,60,180,60,,,0,,SANDBOX
B_SE_BUSH_4,BUSH,SE,200,150,60,,,0,,SANDBOX
B_SE_TREE_1,TREE,SE,250,50,50,,,0,,SANDBOX
B_SE_TREE_2,TREE,SE,180,250,50,,,0,,SANDBOX
B_SE_TREE_3,TREE,SE,-100,280,50,,,0,,SANDBOX
B_RES_WOOD,RESOURCE,MARKET_NEAR,80,60,0,,,0,木材:5,SANDBOX
B_RES_BERRY,RESOURCE,MARKET_NEAR,-80,60,0,,,0,浆果:5,SANDBOX
B_RES_COIN,RESOURCE,MARKET_NEAR,0,90,0,,,0,铜钱:10,SANDBOX
B_TUT_BUSH,BUSH,CITY,110,70,0,,,0,,TUTORIAL
B_TUT_TREE,TREE,CITY,120,-70,0,,,0,,TUTORIAL
