id,title,desc_template,type,tag_main,tag_target,intro_dialog_id,btn_a,eff_a,req_a,chain_a,dialog_a_id,btn_b,eff_b,req_b,chain_b,dialog_b_id,btn_c,eff_c,req_c,chain_c,dialog_c_id,weight
int,str,str,enum,str,str,str,str,str,str,str,str,str,str,str,str,str,str,str,str,str,str,int
ID,标题,描述,类型,主角标签,配角标签,开场对话,选项A,效果A,需求A,连锁A,对话A,选项B,效果B,需求B,连锁B,对话B,选项C,效果C,需求C,连锁C,对话C,权重
601,收保护费,地痞流氓围住了 {A} 的摊位，扬言不交钱就砸摊子。,CHOICE,MERCHANT,ANY,E601_INTRO,替他交钱(破财),PLAYER:Money:-100;SELF:emotion:DEPRESSED;PLAYER:Fame:20,MONEY:100,,E601_A,关门放打手(需打手),PLAYER:Fame:150;SELF:emotion:HAPPY;SELF:money:50,FOLLOWER:THUG,,E601_B,亲自武力驱逐(需恶名),PLAYER:Fame:100;PLAYER:AddTag:THUG,FAME:-100,,E601_C,20
602,官府查账,税务官突然造访 {A} 的店铺，吹毛求疵意图索贿。,CHOICE,MERCHANT,ANY,E602_INTRO,帮忙塞红包(贿赂),PLAYER:Money:-200;SELF:safety:NORMAL,MONEY:200,,E602_A,让文人辩法(需文人),PLAYER:Fame:150;SELF:eco_status:RICH;PLAYER:AddTag:JUSTICE,FOLLOWER:SCHOLAR,,E602_B,袖手旁观(无视),SELF:money:-300;SELF:emotion:ANGRY,,,,20
603,农田虫害,农夫 {A} 看着满地蝗虫欲哭无泪，今年的收成要完了。,CHOICE,FARMER,ANY,资助买药(善举),PLAYER:Money:-50;SELF:inventory:GRAIN:5,MONEY:50,,科学除虫(需科学家),PLAYER:Fame:200;SELF:inventory:GRAIN:15;SELF:emotion:HAPPY,FOLLOWER:SCIENTIST,,烧香祈福(迷信),PLAYER:Fame:-10;SELF:emotion:NORMAL,,,20
604,恶霸欺市,{A} 在市场被恶霸欺负，敢怒不敢言。,CHOICE,MERCHANT,ANY,花钱摆平,PLAYER:Money:-100;SELF:safety:NORMAL,MONEY:100,,路见不平(需打手),PLAYER:Fame:150;SELF:money:20;SELF:emotion:HAPPY,FOLLOWER:THUG,,大声呵斥(需名望),PLAYER:Fame:50;SELF:emotion:NORMAL,FAME:500,,15
101,交子贬值,{A} 持旧交子去钱庄兑换被拒，急得要跳河。钱庄老板 {B} 看热闹不嫌事大。,CHOICE,POOR,MERCHANT,E101_INTRO,原价兑换(破财),PLAYER:Money:-200;PLAYER:Fame:100;SELF:emotion:GRATEFUL;SELF:affinity:PLAYER:50,MONEY:200,,E101_A,低价收割(趁人之危),PLAYER:Money:300;PLAYER:Fame:-150;PLAYER:AddTag:PROFITEER;SELF:emotion:DESPAIR;SELF:affinity:PLAYER:-50,,,E101_B,怒斥钱庄(得罪富商),PLAYER:Fame:80;PLAYER:AddTag:JUSTICE;SELF:emotion:HAPPY;OTHER:affinity:PLAYER:-80;OTHER:tags:ENEMY,,,E101_C,10
102,汴京买房梦,书生 {A} 每日打三份工只为买房，如今积劳成疾，命悬一线。他跪求你借他最后一笔钱凑齐首付。,CHOICE,POOR,ANY,E102_INTRO,借他钱(成全执念),PLAYER:Money:-800;SELF:emotion:HAPPY;SELF:hp:50;PLAYER:Fame:100,MONEY:800,,E102_A,劝他放弃(残忍真相),PLAYER:Fame:-50;SELF:emotion:DESPAIR;SELF:tags:LAY_FLAT;SELF:affinity:PLAYER:-30,,,E102_B,送他去医(先活下来),PLAYER:Money:-300;PLAYER:Fame:50;SELF:hp:80;SELF:tags:INDEBTED;SELF:emotion:SAD,MONEY:300,,E102_C,10
103,甜水巷内卷,新来的舞姬 {A} 才艺出众价格低廉，老牌花魁 {B} 准备联合行会将她逐出。两人都向你求助。,CHOICE,DANCER,DANCER,E103_INTRO,保护新人(得罪行会),PLAYER:Money:-150;PLAYER:Fame:80;PLAYER:AddTag:FAIR;SELF:affinity:PLAYER:60;SELF:safety:NORMAL;OTHER:affinity:PLAYER:-80;OTHER:tags:ENEMY,MONEY:150,,E103_A,支持老人(帮凶),PLAYER:Money:200;PLAYER:Fame:-100;PLAYER:AddTag:BULLY;SELF:safety:EXILE;SELF:emotion:DESPAIR;OTHER:affinity:PLAYER:50;OTHER:eco_status:RICH,,,E103_B,撮合合作(各退一步),PLAYER:Fame:50;SELF:affinity:PLAYER:20;SELF:eco_status:ENOUGH;OTHER:affinity:PLAYER:20;OTHER:eco_status:ENOUGH,,,E103_C,10
104,瓦舍裁员,老琴师 {A} 被瓦舍无故辞退且不给遣散费。他是三十年的老员工，如今老无所依。瓦舍老板是你的债主 {B}。,CHOICE,MUSICIAN,MERCHANT,E104_INTRO,出资聘请(收留),PLAYER:Money:-400;PLAYER:Fame:150;SELF:is_follower:True;SELF:emotion:GRATEFUL;OTHER:affinity:PLAYER:-20,MONEY:400,,E104_A,替老板说话(讨好债主),PLAYER:Fame:-100;SELF:emotion:DESPAIR;SELF:eco_status:POOR;OTHER:affinity:PLAYER:30,,,E104_B,仗义执言(得罪债主),PLAYER:Fame:200;PLAYER:AddTag:JUSTICE;SELF:money:100;SELF:emotion:HAPPY;OTHER:affinity:PLAYER:-60,,,E104_C,8
105,高利贷陷阱,妇人 {A} 借驴打滚买首饰，如今利滚利，债主要卖她女儿抵债。债主 {B} 是本地恶霸。,CHOICE,POOR,THUG,E105_INTRO,代为还债(散财),PLAYER:Money:-600;PLAYER:Fame:200;SELF:safety:NORMAL;SELF:emotion:GRATEFUL;SELF:affinity:PLAYER:80,MONEY:600,,E105_A,买下女儿(获得奴仆),PLAYER:Money:-200;PLAYER:Fame:-50;SELF:emotion:DESPAIR;SELF:family:BROKEN,MONEY:200,,E105_B,暴力抗债(结仇恶霸),PLAYER:Fame:100;PLAYER:AddTag:JUSTICE;SELF:safety:NORMAL;OTHER:affinity:PLAYER:-100;OTHER:tags:ENEMY;PLAYER:safety:DANGER,FOLLOWER:THUG,,E105_C,10
106,学徒剥削,"铁匠铺师傅以""学艺""为由，三年不给学徒 {A} 分文。师傅 {B} 是你的老熟人。",CHOICE,POOR,CRAFTSMAN,E106_INTRO,为学徒出头(得罪熟人),PLAYER:Fame:150;PLAYER:AddTag:JUSTICE;SELF:emotion:HAPPY;SELF:affinity:PLAYER:60;OTHER:affinity:PLAYER:-80,,,E106_A,支持师傅(传统规矩),PLAYER:Fame:-80;SELF:emotion:DEPRESSED;SELF:tags:SLAVE_MIND;OTHER:affinity:PLAYER:30,,,E106_B,挖墙脚(带走学徒),PLAYER:Money:-100;SELF:is_follower:True;SELF:affinity:PLAYER:40;OTHER:affinity:PLAYER:-100;OTHER:tags:ENEMY,MONEY:100,,E106_C,8
107,虚假宣传,郎中 {A} 的假药害死了寡妇的儿子。寡妇 {B} 当街跪求你主持公道。{A} 曾救过你的命。,CHOICE,DOCTOR,POOR,E107_INTRO,包庇郎中(还人情),PLAYER:Fame:-200;PLAYER:AddTag:ACCOMPLICE;SELF:affinity:PLAYER:50;OTHER:emotion:DESPAIR;OTHER:affinity:PLAYER:-100,,,E107_A,揭发郎中(恩将仇报),PLAYER:Fame:200;PLAYER:AddTag:JUSTICE;SELF:freedom:PRISON;SELF:affinity:PLAYER:-100;OTHER:emotion:HAPPY,,,E107_B,私了赔偿(和稀泥),PLAYER:Money:-300;PLAYER:Fame:50;SELF:affinity:PLAYER:-30;SELF:eco_status:POOR;OTHER:emotion:SAD,MONEY:300,,E107_C,8
108,合同诈骗,不识字的脚夫 {A} 被骗签了卖身契。行骗者 {B} 背后是本城最大的人牙子。,CHOICE,POOR,THUG,E108_INTRO,撕毁契约(得罪黑帮),PLAYER:Fame:200;PLAYER:AddTag:JUSTICE;PLAYER:safety:DANGER;SELF:freedom:FULL;SELF:affinity:PLAYER:80;OTHER:affinity:PLAYER:-100,,,E108_A,买下脚夫(花钱了事),PLAYER:Money:-300;PLAYER:Fame:-30;SELF:is_follower:True;SELF:freedom:SERVANT;OTHER:affinity:PLAYER:20,MONEY:300,,E108_B,假装没看见(明哲保身),PLAYER:Fame:-100;SELF:freedom:SLAVE;SELF:emotion:DESPAIR;SELF:affinity:PLAYER:-50,,,E108_C,8
109,关扑成瘾,赌徒 {A} 输光家产，赌坊老板 {B} 要他卖儿卖女抵债。{A} 跪求你救他一命。,CHOICE,GAMBLER,MERCHANT,E109_INTRO,替他还债(养虎为患),PLAYER:Money:-500;PLAYER:Fame:50;SELF:emotion:HAPPY;SELF:tags:ADDICTED;SELF:affinity:PLAYER:30,MONEY:500,,E109_A,砸了赌坊(惹祸上身),PLAYER:Fame:200;PLAYER:AddTag:JUSTICE;PLAYER:safety:DANGER;SELF:safety:NORMAL;OTHER:affinity:PLAYER:-100;OTHER:tags:ENEMY,FOLLOWER:THUG,,E109_B,买下孩子(保住血脉),PLAYER:Money:-200;PLAYER:Fame:-50;SELF:family:BROKEN;SELF:emotion:SAD,MONEY:200,,E109_C,10
201,天价聘礼,穷书生 {A} 凑不齐聘礼，女方父亲 {B} 扬言三日内不交钱就退婚另嫁。{A}已准备卖身为奴。,CHOICE,POOR,RICH,E201_INTRO,资助聘礼(散财),PLAYER:Money:-800;PLAYER:Fame:200;SELF:emotion:GRATEFUL;SELF:affinity:PLAYER:80;OTHER:affinity:PLAYER:30,MONEY:800,,E201_A,说服退婚(棒打鸳鸯),PLAYER:Fame:50;SELF:emotion:DESPAIR;SELF:tags:HEARTBROKEN;OTHER:affinity:PLAYER:50;OTHER:emotion:HAPPY,,,E201_B,借他高利贷(埋雷),PLAYER:Money:200;PLAYER:Fame:-100;SELF:safety:DANGER;SELF:affinity:PLAYER:-30,,,E201_C,10
202,赘婿的尊严,赘婿 {A} 被岳家当狗使唤。他私下告诉你，岳父 {B} 暗中贪污，他手握证据想要翻身。,CHOICE,HUSBAND,RICH,E202_INTRO,协助揭发(正义),PLAYER:Fame:200;PLAYER:AddTag:JUSTICE;SELF:emotion:HAPPY;SELF:eco_status:RICH;OTHER:freedom:PRISON;OTHER:affinity:PLAYER:-100,,,E202_A,劝他隐忍(保全),PLAYER:Fame:-50;SELF:emotion:DEPRESSED;SELF:tags:COWARD;OTHER:affinity:PLAYER:20,,,E202_B,两边勒索(黑吃黑),PLAYER:Money:500;PLAYER:Fame:-200;PLAYER:AddTag:BLACKMAILER;SELF:affinity:PLAYER:-50;OTHER:affinity:PLAYER:-80,,,E202_C,10
203,扶弟魔,丈夫 {A} 发现妻子偷光积蓄给了弟弟 {B}。{A}要休妻，{B}威胁要打断{A}的腿。你是他们的邻居兼债主。,CHOICE,HUSBAND,THUG,E203_INTRO,支持丈夫(休妻),PLAYER:Fame:50;SELF:emotion:ANGRY;SELF:affinity:PLAYER:30;OTHER:affinity:PLAYER:-80;OTHER:emotion:ANGRY,,,E203_A,支持弟弟(亲情),PLAYER:Fame:-50;SELF:emotion:SAD;SELF:affinity:PLAYER:-50;OTHER:affinity:PLAYER:30,,,E203_B,要回欠款(债务优先),PLAYER:Money:300;PLAYER:Fame:-30;SELF:affinity:PLAYER:-30;OTHER:eco_status:POOR;OTHER:affinity:PLAYER:-30,,,E203_C,8
204,假名媛拼单,女子 {A} 拼单租借名贵首饰参加诗会，不慎弄丢。首饰主人 {B} 是你的生意伙伴，价值千金。,CHOICE,POOR,MERCHANT,E204_INTRO,替她赔偿(冤大头),PLAYER:Money:-500;PLAYER:Fame:100;SELF:emotion:GRATEFUL;SELF:affinity:PLAYER:80;OTHER:affinity:PLAYER:20,MONEY:500,,E204_A,让她卖身抵债,PLAYER:Fame:-100;SELF:freedom:SLAVE;SELF:emotion:DESPAIR;OTHER:affinity:PLAYER:30;OTHER:emotion:HAPPY,,,E204_B,私下找回(暗箱操作),PLAYER:Money:-200;PLAYER:Fame:50;SELF:emotion:HAPPY;OTHER:affinity:PLAYER:-50;OTHER:tags:CHEATED,MONEY:200,,E204_C,8
205,指腹为婚,富家女 {A} 爱上穷书生，却被父亲强迫嫁给太尉之子 {B}。太尉之子是个纨绔，但得罪太尉后果严重。,CHOICE,RICH,NOBLE,E205_INTRO,协助私奔(得罪太尉),PLAYER:Fame:100;PLAYER:safety:DANGER;SELF:emotion:HAPPY;SELF:family:ISOLATED;OTHER:affinity:PLAYER:-100;OTHER:tags:ENEMY,,,E205_A,劝她认命(明哲保身),PLAYER:Fame:-50;SELF:emotion:DESPAIR;SELF:affinity:PLAYER:-60;OTHER:affinity:PLAYER:30,,,E205_B,揭发太尉之子(风险极高),PLAYER:Fame:300;PLAYER:AddTag:BRAVE;PLAYER:safety:DANGER;SELF:emotion:HAPPY;OTHER:freedom:PRISON,FOLLOWER:SCHOLAR,,E205_C,8
206,抛妻弃子,新科状元 {A} 要休掉糟糠之妻 {B}。{A}曾是你资助的穷书生，{B}是你的远房表妹。,CHOICE,SCHOLAR,WIFE,E206_INTRO,写文揭露(毁他前程),PLAYER:Fame:200;SELF:soc_status:LOW;SELF:tags:HYPOCRITE;SELF:affinity:PLAYER:-100;OTHER:emotion:HAPPY;OTHER:affinity:PLAYER:50,,,E206_A,收受贿赂(助纣为虐),PLAYER:Money:800;PLAYER:Fame:-300;PLAYER:AddTag:CORRUPT;SELF:affinity:PLAYER:30;OTHER:emotion:DESPAIR;OTHER:affinity:PLAYER:-100,,,E206_B,调解复合(和事佬),PLAYER:Fame:100;SELF:affinity:PLAYER:-20;SELF:emotion:ANGRY;OTHER:emotion:SAD;OTHER:affinity:PLAYER:20,,,E206_C,8
207,重男轻女,媳妇 {A} 被婆婆逼迫连续生育，身体已垮。婆婆 {B} 是你母亲的故交，曾照顾过你的童年。,CHOICE,WIFE,OLD,E207_INTRO,强行带走媳妇(得罪长辈),PLAYER:Fame:150;PLAYER:AddTag:COMPASSION;SELF:hp:NORMAL;SELF:emotion:GRATEFUL;SELF:affinity:PLAYER:80;OTHER:affinity:PLAYER:-100,,,E207_A,劝媳妇忍耐(保守),PLAYER:Fame:-100;SELF:hp:POOR;SELF:emotion:DESPAIR;SELF:affinity:PLAYER:-50;OTHER:affinity:PLAYER:30,,,E207_B,出钱请医调理(折中),PLAYER:Money:-300;PLAYER:Fame:50;SELF:hp:ENOUGH;SELF:affinity:PLAYER:30;OTHER:affinity:PLAYER:-20,MONEY:300,,E207_C,8
208,断袖疑云,知名侠客 {A} 被传与书童 {B} 关系暧昧。{A}是你的救命恩人，正遭到江湖围攻。{B}其实是女扮男装的官家千金。,CHOICE,HERO,DANCER,E208_INTRO,揭露真相(女扮男装),PLAYER:Fame:100;SELF:emotion:ANGRY;SELF:affinity:PLAYER:-30;OTHER:safety:DANGER;OTHER:family:ISOLATED,,,E208_A,力挺恩人(不惧流言),PLAYER:Fame:-150;PLAYER:AddTag:LOYAL;SELF:emotion:HAPPY;SELF:affinity:PLAYER:80;OTHER:emotion:HAPPY,,,E208_B,沉默旁观(明哲保身),PLAYER:Fame:-30;SELF:emotion:SAD;SELF:affinity:PLAYER:-40;OTHER:emotion:NORMAL,,,E208_C,8
301,当街碰瓷,老人 {A} 倒在马车前哀嚎，车主 {B} 是你的债主。围观群众义愤填膺，但你怀疑老人是职业碰瓷。,CHOICE,OLD,MERCHANT,E301_INTRO,送医赔钱(帮老人),PLAYER:Money:-300;PLAYER:Fame:150;SELF:emotion:HAPPY;SELF:affinity:PLAYER:50;OTHER:affinity:PLAYER:-50,MONEY:300,,E301_A,替债主说话(帮车主),PLAYER:Fame:-100;SELF:emotion:ANGRY;SELF:affinity:PLAYER:-80;OTHER:affinity:PLAYER:50,,,E301_B,当众揭穿(需医生),PLAYER:Fame:100;SELF:tags:LIAR;SELF:emotion:DESPAIR;SELF:affinity:PLAYER:-100;OTHER:affinity:PLAYER:30,FOLLOWER:DOCTOR,,E301_C,12
302,造谣一张嘴,外乡人 {A} 被谣传是江洋大盗。造谣者 {B} 是本地富商，你的重要客户。{A}已走投无路。,CHOICE,POOR,MERCHANT,E302_INTRO,收留外乡人(得罪客户),PLAYER:Fame:100;SELF:safety:NORMAL;SELF:is_follower:True;SELF:affinity:PLAYER:80;OTHER:affinity:PLAYER:-80,,,E302_A,驱逐外乡人(讨好客户),PLAYER:Fame:-80;SELF:safety:EXILE;SELF:emotion:DESPAIR;SELF:affinity:PLAYER:-100;OTHER:affinity:PLAYER:40,,,E302_B,查明真相(需文人),PLAYER:Fame:150;SELF:emotion:HAPPY;SELF:affinity:PLAYER:60;OTHER:freedom:PRISON;OTHER:affinity:PLAYER:-100,FOLLOWER:SCHOLAR,,E302_C,10
303,熊孩子作恶,小孩划坏了画家 {B} 的名贵字画。家长 {A} 是你的老相识，拒不赔偿还撒泼打滚。,CHOICE,RICH,SCHOLAR,E303_INTRO,替相识赔偿(破财),PLAYER:Money:-200;PLAYER:Fame:50;SELF:affinity:PLAYER:30;SELF:tags:SHAMELESS;OTHER:emotion:SAD;OTHER:affinity:PLAYER:40,MONEY:200,,E303_A,替画家讨公道(得罪相识),PLAYER:Fame:100;SELF:affinity:PLAYER:-80;SELF:emotion:ANGRY;OTHER:emotion:HAPPY;OTHER:affinity:PLAYER:60,,,E303_B,各打五十大板(和稀泥),PLAYER:Fame:-30;SELF:affinity:PLAYER:-30;OTHER:affinity:PLAYER:-30,,,E303_C,10
304,流浪狗风波,爱狗人士 {A} 喂养的流浪狗咬伤了孩童。孩童父亲 {B} 要求打死狗并索赔。双方各有支持者。,CHOICE,POOR,THUG,E304_INTRO,支持打狗赔钱,PLAYER:Fame:80;SELF:emotion:SAD;SELF:affinity:PLAYER:-60;OTHER:emotion:HAPPY;OTHER:affinity:PLAYER:50,,,E304_A,保护狗主人,PLAYER:Fame:-50;PLAYER:Money:-200;SELF:emotion:HAPPY;SELF:affinity:PLAYER:60;OTHER:affinity:PLAYER:-80;OTHER:emotion:ANGRY,MONEY:200,,E304_B,建立收容所(根治),PLAYER:Money:-500;PLAYER:Fame:200;SELF:affinity:PLAYER:40;OTHER:affinity:PLAYER:30,MONEY:500,,E304_C,8
305,插队冲突,壮汉 {A} 在你的施粥铺前插队。被插队的 {B} 是怀孕妇人，当场晕倒。,CHOICE,THUG,WIFE,E305_INTRO,武力教训壮汉,PLAYER:Fame:150;SELF:hp:POOR;SELF:emotion:ANGRY;SELF:affinity:PLAYER:-100;OTHER:emotion:HAPPY;OTHER:affinity:PLAYER:60,,,E305_A,多给一份(息事宁人),PLAYER:Fame:-50;SELF:tags:GREEDY;SELF:affinity:PLAYER:20;OTHER:emotion:SAD;OTHER:affinity:PLAYER:-30,,,E305_B,送孕妇就医,PLAYER:Money:-150;PLAYER:Fame:100;SELF:emotion:NORMAL;OTHER:hp:NORMAL;OTHER:affinity:PLAYER:80,MONEY:150,,E305_C,10
306,噪音扰民,铁匠 {A} 半夜打铁赶工，因为要还你的债。书生 {B} 神经衰弱，明日就是大考。,CHOICE,CRAFTSMAN,SCHOLAR,E306_INTRO,让铁匠停工(损失债务),PLAYER:Fame:50;SELF:eco_status:POOR;SELF:affinity:PLAYER:-50;OTHER:emotion:HAPPY;OTHER:affinity:PLAYER:50,,,E306_A,让书生忍耐(保债务),PLAYER:Fame:-50;SELF:affinity:PLAYER:30;OTHER:hp:POOR;OTHER:affinity:PLAYER:-80;OTHER:tags:FAILED,,,E306_B,资助书生搬家,PLAYER:Money:-100;PLAYER:Fame:80;SELF:affinity:PLAYER:20;OTHER:affinity:PLAYER:60;OTHER:emotion:HAPPY,MONEY:100,,E306_C,8
307,地域歧视,本地人 {A} 嘲笑外地客商 {B} 的口音，并开始动手。{A}是你的远房亲戚，{B}是你的合作伙伴。,CHOICE,THUG,MERCHANT,E307_INTRO,帮亲戚(护短),PLAYER:Fame:-80;SELF:emotion:HAPPY;SELF:affinity:PLAYER:50;OTHER:safety:DANGER;OTHER:affinity:PLAYER:-100,,,E307_A,帮伙伴(公道),PLAYER:Fame:100;PLAYER:AddTag:JUSTICE;SELF:emotion:ANGRY;SELF:affinity:PLAYER:-80;OTHER:affinity:PLAYER:60,,,E307_B,报官(两边得罪),PLAYER:Fame:30;SELF:affinity:PLAYER:-40;SELF:freedom:PRISON;OTHER:affinity:PLAYER:-20,,,E307_C,8
308,杀猪盘,貌美女子 {A} 正在骗老人 {B} 的棺材本。老人{B}是你已故恩师的遗孀，女子{A}是你门客的妹妹。,CHOICE,BEAUTIFUL,OLD,E308_INTRO,当面揭穿(得罪门客),PLAYER:Fame:150;SELF:tags:LIAR;SELF:affinity:PLAYER:-100;OTHER:emotion:HAPPY;OTHER:affinity:PLAYER:80,,,E308_A,私下收买(花钱了事),PLAYER:Money:-300;PLAYER:Fame:30;SELF:affinity:PLAYER:20;OTHER:emotion:NORMAL,MONEY:300,,E308_B,装作不知(明哲保身),PLAYER:Fame:-100;SELF:eco_status:RICH;OTHER:emotion:DESPAIR;OTHER:affinity:PLAYER:-50,,,E308_C,8
309,假冒官差,假官差 {A} 正在勒索摊贩 {B}。{A}是你小时候的玩伴，落魄至此；{B}是你生意上的竞争对手。,CHOICE,THUG,MERCHANT,E309_INTRO,揭发玩伴(大义灭亲),PLAYER:Fame:200;SELF:freedom:PRISON;SELF:affinity:PLAYER:-100;OTHER:affinity:PLAYER:50,,,E309_A,协助玩伴(落井下石),PLAYER:Money:100;PLAYER:Fame:-150;PLAYER:AddTag:ACCOMPLICE;SELF:affinity:PLAYER:50;OTHER:eco_status:POOR;OTHER:affinity:PLAYER:-80,,,E309_B,放走玩伴(私放),PLAYER:Fame:-50;SELF:affinity:PLAYER:30;SELF:safety:EXILE;OTHER:affinity:PLAYER:-30,,,E309_C,8
310,道德绑架,乞丐 {A} 当众指责你为富不仁。旁边的富商 {B} 看热闹，正是你想攀附的大人物。,CHOICE,POOR,RICH,E310_INTRO,大方施舍(做面子),PLAYER:Money:-200;PLAYER:Fame:100;SELF:emotion:HAPPY;SELF:affinity:PLAYER:40;OTHER:affinity:PLAYER:30,MONEY:200,,E310_A,厉声呵斥(显威严),PLAYER:Fame:-50;SELF:emotion:SAD;SELF:affinity:PLAYER:-60;OTHER:affinity:PLAYER:50;OTHER:emotion:HAPPY,,,E310_B,视而不见(冷漠),PLAYER:Fame:-80;SELF:emotion:DESPAIR;OTHER:affinity:PLAYER:-30,,,E310_C,10
401,金盆洗手难,杀手 {A} 想退隐，组织 {B} 以其家人性命相逼。{A}曾救过你的命，{B}的首领是你的债主。,CHOICE,THUG,EVIL,E401_INTRO,协助灭门(报恩),PLAYER:Money:-500;PLAYER:Fame:300;PLAYER:safety:DANGER;SELF:freedom:FULL;SELF:is_follower:True;SELF:affinity:PLAYER:100;OTHER:affinity:PLAYER:-100,MONEY:500,,E401_A,出卖恩人(领赏),PLAYER:Money:800;PLAYER:Fame:-400;PLAYER:AddTag:TRAITOR;SELF:safety:DEAD;SELF:affinity:PLAYER:-100;OTHER:affinity:PLAYER:50,,,E401_B,送他远走(两不相帮),PLAYER:Fame:-50;SELF:family:ISOLATED;SELF:affinity:PLAYER:30;OTHER:affinity:PLAYER:-50,,,E401_C,8
402,秘籍争夺,一本秘籍引发 {A} 和 {B} 的械斗。{A}是你的门客，{B}是你的生意伙伴。秘籍其实是假的。,CHOICE,FOLLOWER,MERCHANT,E402_INTRO,帮门客抢夺,PLAYER:Fame:-100;SELF:emotion:HAPPY;SELF:affinity:PLAYER:50;OTHER:hp:POOR;OTHER:affinity:PLAYER:-100,,,E402_A,帮伙伴抢夺,PLAYER:Fame:-100;SELF:hp:POOR;SELF:affinity:PLAYER:-80;OTHER:emotion:HAPPY;OTHER:affinity:PLAYER:50,,,E402_B,揭穿假秘籍(需学者),PLAYER:Fame:150;SELF:emotion:ANGRY;SELF:affinity:PLAYER:-30;OTHER:emotion:ANGRY;OTHER:affinity:PLAYER:-30,FOLLOWER:SCHOLAR,,E402_C,8
403,镖局失信,镖局弄丢了寡妇 {A} 的传家宝。镖局总镖头 {B} 是你的结拜兄弟，寡妇{A}是你已故好友的遗孀。,CHOICE,POOR,HERO,E403_INTRO,为寡妇索赔(得罪兄弟),PLAYER:Fame:200;PLAYER:AddTag:JUSTICE;SELF:eco_status:ENOUGH;SELF:affinity:PLAYER:80;OTHER:affinity:PLAYER:-80,,,E403_A,替兄弟说话(亏欠遗孀),PLAYER:Fame:-100;SELF:emotion:DESPAIR;SELF:affinity:PLAYER:-80;OTHER:affinity:PLAYER:50,,,E403_B,自掏腰包赔偿,PLAYER:Money:-400;PLAYER:Fame:100;SELF:affinity:PLAYER:50;OTHER:affinity:PLAYER:30,MONEY:400,,E403_C,8
404,冒名顶替,骗子 {A} 冒充大侠招摇撞骗。真正的大侠 {B} 要杀他。{A}是你失散多年的表弟。,CHOICE,LIAR,HERO,E404_INTRO,救表弟(得罪大侠),PLAYER:Money:-100;PLAYER:Fame:-100;SELF:is_follower:True;SELF:affinity:PLAYER:60;OTHER:affinity:PLAYER:-80,MONEY:100,,E404_A,袖手旁观(表弟死),PLAYER:Fame:30;SELF:safety:DEAD;OTHER:affinity:PLAYER:30;OTHER:emotion:HAPPY,,,E404_B,说情饶命(苦求大侠),PLAYER:Fame:50;SELF:safety:EXILE;SELF:affinity:PLAYER:40;OTHER:affinity:PLAYER:-20,,,E404_C,8
405,黑吃黑,{A} 与 {B} 交易违禁品，{A}埋伏了刀斧手准备黑吃黑。{A}是你的债主，{B}是你的救命恩人。,CHOICE,EVIL,MERCHANT,E405_INTRO,告密给{B}(救恩人),PLAYER:Fame:100;SELF:affinity:PLAYER:-100;SELF:tags:ENEMY;OTHER:affinity:PLAYER:80;OTHER:safety:NORMAL,,,E405_A,加入埋伏(帮债主),PLAYER:Money:600;PLAYER:Fame:-400;PLAYER:AddTag:VILLAIN;SELF:affinity:PLAYER:50;OTHER:safety:DEAD,,,E405_B,两边举报(正义),PLAYER:Fame:300;PLAYER:Money:200;SELF:freedom:PRISON;SELF:affinity:PLAYER:-100;OTHER:freedom:PRISON;OTHER:affinity:PLAYER:-100,,,E405_C,8
501,时间穿越者,疯子 {A} 满嘴“YYDS”、“绝绝子”，被官府抓捕。,CHOICE,CRAZY,ANY,保释他(老乡?),PLAYER:Money:-300;PLAYER:Fame:0;SELF:tags:TIMETRAVELER;SELF:is_follower:True,MONEY:300,,送去切片研究,PLAYER:Money:500;PLAYER:Fame:100;SELF:safety:DANGER,,,听不懂(无视),SELF:emotion:CONFUSED,,,5
502,赛博机关人,你发现 {A} 皮肤下竟然是齿轮和电线。,CHOICE,ANY,ANY,隐藏秘密(获得高达),PLAYER:Fame:-100;SELF:tags:ROBOT;SELF:is_follower:True,,,当众拆解(需科学家),PLAYER:Fame:300;SELF:safety:DANGER;PLAYER:AddTag:SCIENTIST,FOLLOWER:SCIENTIST,,以为眼花(无视),SELF:emotion:NORMAL,,,3
503,性别互换,误食丹药，壮汉 {A} 变成了娇滴滴的女子。,CHOICE,STRONG,ANY,捧她做花魁,PLAYER:Money:1000;PLAYER:Fame:-200;SELF:eco_status:RICH;SELF:tags:DANCER,,,帮他寻找解药,PLAYER:Money:-500;PLAYER:Fame:200;SELF:tags:LOYAL,MONEY:500,,收为家丁(招募),PLAYER:Money:-100;SELF:is_follower:True,MONEY:100,,5
504,古董成精,传言 {A} 的传家宝夜里会说话，引来各路觊觎。,CHOICE,ANY,ANY,低价收购,PLAYER:Money:-200;PLAYER:Fame:-50;SELF:eco_status:ENOUGH,MONEY:200,,辟谣保护,PLAYER:Fame:100;SELF:safety:NORMAL;SELF:emotion:HAPPY,,,鉴定真伪(需学者),PLAYER:Fame:150;PLAYER:Money:100,FOLLOWER:SCHOLAR,,8
505,甚至不是人,路人 {A} 走路姿势僵硬，似乎是玩家上传的bug数据。,CHOICE,ANY,ANY,尝试修复(治疗),PLAYER:Money:-100;PLAYER:Fame:50;SELF:emotion:NORMAL,MONEY:100,,删除数据(暗杀),PLAYER:Fame:-100;SELF:safety:DANGER,,,提交工单(无视),PLAYER:Fame:1,,,2
605,叩阙求食,流民 {A} 跪在城门外，衣衫褴褛，恳求施舍一口热粥。,CHOICE,NONE,ANY,E605_INTRO,开仓放粮(仁政),PLAYER:inventory:GRAIN:-1;PLAYER:Fame:150;SELF:emotion:HAPPY;SELF:hp:100,ITEM:GRAIN,,E605_A,武力驱逐(酷吏),PLAYER:Fame:50;SELF:safety:DANGER;SELF:tags:HATED;PLAYER:AddTag:CRUEL,,,E605_B,视而不见(冷漠),PLAYER:Fame:-10;SELF:emotion:DESPAIR,,,E605_C,30
700,【背叛困境】沉默的证人,你的门客 {A} 私下告诉你：你的商业伙伴 {B} 一直在走私禁品。而 {B} 曾在你最落魄时救过你的命。官府正在调查，若隐瞒可能受牵连。,DILEMMA,FOLLOWER,MERCHANT,E700_INTRO,如实举报(正义),PLAYER:Fame:300;PLAYER:AddTag:JUSTICE;OTHER:freedom:SLAVE;OTHER:safety:EXILE;OTHER:affinity:PLAYER:-100,,,E700_A,伪造证据脱罪,PLAYER:Fame:-200;PLAYER:AddTag:ACCOMPLICE;OTHER:affinity:PLAYER:50;PLAYER:Money:-500,MONEY:500,,E700_B,杀人灭口,PLAYER:Fame:-500;PLAYER:AddTag:VILLAIN;SELF:safety:DEAD;OTHER:emotion:NORMAL,,,E700_C,40
701,【牺牲困境】瘟疫来袭,大疫封城，解药只够救一人。{A}是陪你出生入死的好友，{B}是能研制更多解药的神医。两人都已染病，神医若死，全城人将跟着陪葬。,DILEMMA,FRIEND,DOCTOR,E701_INTRO,救好友(情义),PLAYER:Fame:-100;PLAYER:AddTag:LOYAL;SELF:safety:NORMAL;SELF:hp:100;OTHER:safety:DEAD;PLAYER:AddTag:SELFISH,,,E701_A,救神医(大局),PLAYER:Fame:200;PLAYER:AddTag:RUTHLESS;SELF:safety:DEAD;SELF:affinity:PLAYER:-100;OTHER:safety:NORMAL;OTHER:is_follower:True,,,E701_B,独吞解药(自保),PLAYER:hp:100;PLAYER:Fame:-500;PLAYER:AddTag:COWARD;SELF:safety:DEAD;OTHER:safety:DEAD,,,E701_C,40
702,【大义困境】叛军头领,你擒获叛军首领 {A}，他曾在你被追杀时冒死救你。朝廷悬赏千金，但{A}的部众扬言若官府处刑，便血洗全城平民。,DILEMMA,REBEL,ANY,E702_INTRO,交给官府(忠),PLAYER:Money:1000;PLAYER:Fame:500;PLAYER:AddTag:LOYAL_COURT;SELF:freedom:SLAVE;SELF:safety:EXECUTION;SELF:affinity:PLAYER:-100,,,E702_A,放虎归山(义),PLAYER:Fame:-300;PLAYER:AddTag:REBEL_FRIEND;SELF:affinity:PLAYER:100;SELF:safety:NORMAL;PLAYER:safety:WANTED,,,E702_B,秘密处决,PLAYER:Fame:100;PLAYER:AddTag:PRAGMATIC;SELF:safety:DEAD;PLAYER:Money:0,,,E702_C,35
703,【打压困境】功臣震主,你门下最得力的门客 {A} 声望日隆，在外的名声几乎盖过了你。有人密告他正在暗中笼络你的人脉，准备自立门户抢走你的生意。,DILEMMA,FOLLOWER,ANY,E703_INTRO,找茬驱逐,PLAYER:Fame:-150;PLAYER:AddTag:TYRANT;SELF:is_follower:False;SELF:affinity:PLAYER:-100;SELF:emotion:ANGRY;SELF:tags:BETRAYED,,,E703_A,委以重任(信任),PLAYER:Fame:200;PLAYER:AddTag:MAGNANIMOUS;SELF:affinity:PLAYER:80;SELF:tags:LOYAL,,,E703_B,暗中监视,PLAYER:Money:-300;SELF:emotion:NORMAL,MONEY:300,,E703_C,35
704,【人情困境】救命稻草,你欠 {A} 一个天大的人情——当年他变卖家产救你于绝境。如今他落魄来求你：帮他打压诚实经营的竞争对手 {B}。若拒绝，他威胁将你当年的丑闻公之于众。,DILEMMA,CREDITOR,MERCHANT,E704_INTRO,帮他打压{partner},PLAYER:Fame:-200;PLAYER:AddTag:BULLY;OTHER:eco_status:POOR;OTHER:emotion:DESPAIR;SELF:affinity:PLAYER:50;SELF:emotion:HAPPY,,,E704_A,断然拒绝(丑闻曝光),PLAYER:Fame:-400;PLAYER:AddTag:SCANDAL;SELF:affinity:PLAYER:-80;OTHER:emotion:NORMAL,,,E704_B,铤而走险(灭口),PLAYER:Fame:-300;PLAYER:AddTag:ASSASSIN;SELF:safety:DEAD;OTHER:safety:NORMAL,,,E704_C,35
705,【复合困境】三角债,你同时欠 {A} 和 {B} 各五百两，但你只有五百两。{A}是你的救命恩人，{B}手握你贪赃枉法的证据。两人今日同时上门，必须当场做决定。,DILEMMA,CREDITOR,CREDITOR,E705_INTRO,还给{npc}(恩情),PLAYER:Money:-500;SELF:affinity:PLAYER:50;SELF:emotion:HAPPY;OTHER:affinity:PLAYER:-100;OTHER:emotion:ANGRY;PLAYER:AddTag:SCANDAL,MONEY:500,,E705_A,还给{partner}(保密),PLAYER:Money:-500;SELF:affinity:PLAYER:-100;SELF:emotion:ANGRY;OTHER:affinity:PLAYER:30;OTHER:emotion:NORMAL,MONEY:500,,E705_B,宣布破产,PLAYER:Money:-500;PLAYER:Fame:-200;PLAYER:eco_status:POOR;SELF:emotion:SAD;OTHER:emotion:SAD;PLAYER:AddTag:SCANDAL,MONEY:500,,E705_C,30
706,【道德困境】奴隶拍卖,奴隶市场上，母子二人 {A} 正被分开贩卖。母亲声嘶力竭跪求你买下孩子，孩子年幼不懂事只知道哭喊要娘。你的钱只够买一人。,DILEMMA,SLAVE,ANY,E706_INTRO,买母亲(劳动力),PLAYER:Money:-300;PLAYER:Fame:50;SELF:freedom:SERVANT;SELF:emotion:DESPAIR;SELF:is_follower:True;SELF:tags:BROKEN,MONEY:300,,E706_A,买孩子(良心),PLAYER:Money:-200;PLAYER:Fame:100;PLAYER:AddTag:COMPASSION,MONEY:200,,E706_B,放弃(无力回天),PLAYER:Fame:-50;SELF:emotion:DESPAIR,,,E706_C,35
707,【知情困境】致命秘密,你偶然发现最信任的门客 {A} 其实是朝廷通缉的重犯，十年前杀过人。他对你忠心耿耿，但若被发现窝藏，你全家都要流放。,DILEMMA,FOLLOWER,ANY,E707_INTRO,举报领赏,PLAYER:Money:800;PLAYER:Fame:200;SELF:freedom:SLAVE;SELF:safety:EXECUTION;SELF:affinity:PLAYER:-100,,,E707_A,协助隐藏(庇护),PLAYER:Fame:-100;PLAYER:AddTag:HARBORER;SELF:affinity:PLAYER:100;SELF:emotion:HAPPY;PLAYER:safety:DANGER,,,E707_B,送他远走,PLAYER:Fame:0;SELF:is_follower:False;SELF:affinity:PLAYER:30;SELF:emotion:SAD;PLAYER:Money:-200,MONEY:200,,E707_C,35
708,【继承困境】遗产纷争,富商 {A} 临终托孤，将万贯家财交你分配。按律当归不孝长子，但 {A} 的遗愿是给在床前尽孝的次子 {B}。长子放言若不按律分，便告你侵吞。,DILEMMA,RICH,ANY,E708_INTRO,按遗愿执行(情),PLAYER:Fame:100;SELF:emotion:HAPPY;OTHER:affinity:PLAYER:50;PLAYER:safety:LAWSUIT,,,E708_A,按律执行(法),PLAYER:Fame:100;SELF:emotion:SAD;PLAYER:AddTag:LAWFUL;OTHER:emotion:ANGRY,,,E708_B,私吞遗产,PLAYER:Money:2000;PLAYER:Fame:-500;PLAYER:AddTag:THIEF;SELF:emotion:DESPAIR;OTHER:affinity:PLAYER:-100,,,E708_C,25
999,平静的一天,虽然没有什么大事发生，但 {A} 看起来心情不错。,NEWS,ANY,ANY,,,,,,,,,,,,,1
